halo_subs_idx,host_id,R_vir_host_kpc,r_gal_kpc,mpeak,vpeak,r_acc_kpc,M_V,r_half_kpc,mu_V,M_star,base_survival,f_wdm,weight,cosmo
0,23,278.48857142857145,195.38295363573843,22360000000.0,70.37,86.6057142857143,-14.817095705042295,0.003316737960654305,11.351909772746094,96413596.15377043,0.8327352828067223,0.9984114331803418,0.8314124271668968,WDM_8keV
1,23,278.48857142857145,157.55784425318666,16580000000.0,60.75,76.57142857142858,-13.054234331768559,0.034233171068156605,18.183450990763415,19010508.457091473,0.9434652123237779,0.9978588302245436,0.9414450931269557,WDM_8keV
2,23,278.48857142857145,153.82765468842206,24900000000.0,66.6,92.03571428571429,-14.521289483587708,1.5037718687002155,24.930069968055466,73420238.92138806,0.7182072435940703,0.9985732473886468,0.7171825395337796,WDM_8keV
3,23,278.48857142857145,120.4857947423403,7713000000.0,48.19,60.657142857142865,-11.852950108294579,0.0015618517753182644,12.680698640473981,6287529.61024002,0.8935555639538134,0.995408662566702,0.8894529488443006,WDM_8keV
4,23,278.48857142857145,164.9589553154756,6037000000.0,45.08,49.19285714285715,-10.318009282879029,0.07096418270380202,22.50263641478157,1529338.821976661,0.7440101827301991,0.9941415144587038,0.7396514098320971,WDM_8keV
5,23,278.48857142857145,228.1312167170897,3140000000.0,35.83,43.792857142857144,-8.779495231903834,0.016676549625241444,20.89648543976716,370764.4557553895,0.8523535917554987,0.9887972645678723,0.8428048999724381,WDM_8keV
6,23,278.48857142857145,154.62855427092677,2367000000.0,30.86,40.074285714285715,-8.149614572643745,0.400173706030131,28.427077844825288,207561.03568164984,0.9687793002382742,0.985193187763882,0.9544347670414083,WDM_8keV
7,23,278.48857142857145,199.08513510658298,2329000000.0,33.05,41.10857142857143,-8.511992710958207,0.03630552113818538,22.85332033546428,289799.1346928237,0.8922068384083004,0.9849552523921866,0.8787838117104824,WDM_8keV
8,23,278.48857142857145,176.93500824556602,2381000000.0,33.61,38.37714285714286,-8.743983886509088,0.20124084226581337,26.3400464160723,358833.97380855755,0.9524611997865059,0.9852789620222432,0.9384399822921089,WDM_8keV
9,23,278.48857142857145,218.31992906871557,3648000000.0,42.95,43.02142857142857,-10.326326192427434,0.28549257041374687,25.51709753226516,1541098.7811816798,0.6879726843856198,0.9903421525189683,0.6813283491287074,WDM_8keV
10,23,278.48857142857145,96.98291349615548,13690000000.0,56.98,63.90857142857143,-13.178271526198284,3.0672132456628662,27.82089799982174,21311234.62640855,0.3383640923627207,0.9974080003830651,0.337487052764932,WDM_8keV
11,23,278.48857142857145,60.94307313604138,10330000000.0,66.36,77.89714285714285,-14.500623257123525,0.12688394092851088,19.581859709136182,72035952.4695699,0.602721118918013,0.9965678187008375,0.6006524707650523,WDM_8keV
12,23,278.48857142857145,185.78930023451485,2031000000.0,30.52,38.894285714285715,-8.044469307283816,0.19420488285426218,26.96228108905129,188402.96052054942,0.7526243681139756,0.9827859894351826,0.7396686842899226,WDM_8keV
13,23,278.48857142857145,155.12165206307355,2291000000.0,31.84,40.89857142857144,-8.735294860600504,0.009621571382715799,19.746384841539747,355973.7258744694,0.7576105657734262,0.9847095452115121,0.7460263556701869,WDM_8keV
14,23,278.48857142857145,116.48533760758419,1861000000.0,35.99,38.33714285714286,-9.432777845216027,0.7273823017809807,28.441485474983704,676723.3129628191,0.7716721634838757,0.9812431531986904,0.7571980269325734,WDM_8keV
15,23,278.48857142857145,77.14738214242087,2608000000.0,37.03,37.99285714285714,-9.185355917386566,0.029762504657914805,21.748441135414904,538818.3367460112,0.4472488739879493,0.9865429503509027,0.4412302236851906,WDM_8keV
16,23,278.48857142857145,223.7554495972914,3680000000.0,43.49,37.34714285714286,-10.850766931854693,0.04072976208015681,20.764242105014798,2498082.475543161,0.6481838162675114,0.9904253256731341,0.6419776673228049,WDM_8keV
17,23,278.48857142857145,206.90003994831238,3241000000.0,39.7,28.008571428571432,-9.682946632684796,0.07916378978827637,23.375135922725317,852076.6281304433,0.9708564284285065,0.9891425684145497,0.9603154211775494,WDM_8keV
18,23,278.48857142857145,266.75476584691336,950800000.0,23.62,28.64,-6.40573725609917,0.006485391045169922,21.219393252624712,41648.07208419238,0.9680358567984817,0.9639379766118986,0.9331265250900941,WDM_8keV
19,23,278.48857142857145,220.79445099874414,1095000000.0,26.33,31.485714285714288,-6.894065720539895,0.1302765280089463,27.245714828824454,65301.970773727895,0.7251598202246521,0.9685368105745445,0.7023439794371946,WDM_8keV
21,23,278.48857142857145,248.4954674575335,4553000000.0,34.28,33.81,-8.66111579823789,0.15262342149298908,25.82243979909516,332465.29646720836,0.7064579631010117,0.9922468849524183,0.7009807132368093,WDM_8keV
22,23,278.48857142857145,274.27789460579885,2165000000.0,34.05,31.83571428571429,-9.276295103982136,0.00672857303450307,18.42876942075919,585892.6388812175,0.7025818693478281,0.9838341195638516,0.6912240148513454,WDM_8keV
23,23,278.48857142857145,256.11296694375625,1332000000.0,25.37,25.13857142857143,-6.579120960397092,0.061830838924501676,25.942354405859312,48859.428652623945,0.9900306535394116,0.973988653301689,0.9642786229682425,WDM_8keV
24,23,278.48857142857145,212.14363780520526,1077000000.0,22.62,25.96142857142857,-5.624975068086559,0.26088028099321636,30.022680870684646,20290.372834052258,0.9924672370445081,0.9680278589501686,0.9607359345543847,WDM_8keV
25,23,278.48857142857145,148.37871429940296,1511000000.0,33.32,32.88857142857143,-8.561004500386833,0.004297996187021657,18.170775299859113,303180.87369352975,0.3969978014158806,0.9769988485635185,0.3878663948655637,WDM_8keV
26,23,278.48857142857145,134.5050139418968,8508000000.0,53.11,40.25142857142857,-12.484415384527377,0.01859329657717969,17.427816269749314,11247762.92218658,0.46524109931655444,0.9958358883825004,0.4633037834499521,WDM_8keV
27,23,278.48857142857145,166.3356693495372,2312000000.0,34.92,26.635714285714286,-9.167689219639197,0.3313588026053841,26.999253012207742,530121.8292137084,0.8627074579414584,0.9848463139768349,0.8496342599939706,WDM_8keV
28,23,278.48857142857145,84.75388739503998,1361000000.0,31.36,25.870000000000005,-8.37055616390581,0.12028718800380697,25.595990368727627,254403.13895923647,0.7454018802701412,0.9745287120578361,0.72641553434515,WDM_8keV
29,23,278.48857142857145,243.77439093036674,602600000.0,20.19,21.688571428571432,-5.077156433004929,0.13290071766616604,29.105929868624116,12250.747062301287,0.9991103826796764,0.9442673027403558,0.9434272661928227,WDM_8keV
30,23,278.48857142857145,59.989686188379586,2441000000.0,40.72,47.267142857142865,-10.963027068273028,2.54106116842675,29.62749820018907,2770198.1015598536,0.6023615308382734,0.9856355827837789,0.5937089584943108,WDM_8keV
31,23,278.48857142857145,66.00543576873756,3539000000.0,38.11,46.10142857142858,-9.56331591687546,0.25663303069862897,26.04869651785716,763178.921177594,0.37098275154938243,0.9900476693490223,0.3672906085401535,WDM_8keV
32,23,278.48857142857145,62.22249904781571,705500000.0,28.28,25.737142857142857,-7.268487877490956,0.22587857009294146,28.066336942431597,92192.40638874825,0.6407168179315712,0.952004087782679,0.6099650297819662,WDM_8keV
34,23,278.48857142857145,219.52475291606444,413700000.0,20.03,22.954285714285717,-5.082606771888124,0.04985410150214435,26.97134736685683,12312.399788186984,0.9960220853729427,0.9208432359726748,0.9171802001950723,WDM_8keV
35,23,278.48857142857145,235.63641397678762,450000000.0,20.0,23.575714285714287,-5.250973073379838,0.01957519851973901,24.77300747302743,14377.693770032816,0.864182348656126,0.9267586403013904,0.8008884584130135,WDM_8keV
36,23,278.48857142857145,212.31008752602406,545900000.0,24.8,23.195714285714285,-6.423162426927015,0.14343183291062134,27.92551498539652,42321.88188244966,0.727123032056258,0.9388344019045687,0.6826481169115735,WDM_8keV
37,23,278.48857142857145,266.9939665296983,436500000.0,18.29,24.72,-3.895360190800436,0.15322311005436068,30.59671084613909,4125.191140096967,0.7942787476008245,0.9246649105544864,0.7344416871056458,WDM_8keV
38,23,278.48857142857145,275.3239683554932,546500000.0,22.16,19.53571428571429,-5.332816330542156,0.02648550972231892,25.34767501781188,15503.38500322716,0.9991103826796764,0.9388974322422095,0.9380621728244795,WDM_8keV
39,23,278.48857142857145,236.9068365068268,294100000.0,14.59,19.575714285714287,-2.7339538287847835,0.01160487914299147,26.154698951763763,1415.4076270626836,0.9991103826796764,0.8921414001865934,0.8913477357448096,WDM_8keV
41,23,278.48857142857145,73.62108726305685,978500000.0,20.7,20.871428571428574,-5.302615491824489,0.11235108955039694,28.515720621299174,15078.085329459203,0.7455576900236309,0.9649228577023496,0.7194056568395645,WDM_8keV
42,23,278.48857142857145,213.8949737509551,345700000.0,19.64,21.16714285714286,-4.4874208581582264,0.020099180592946738,25.593920574661517,7116.530963248927,0.7751577037970037,0.9067320284293,0.7028603171164557,WDM_8keV
43,23,278.48857142857145,68.97395101316724,708900000.0,29.09,28.375714285714288,-7.741327802592623,0.37057396907444506,28.668496413746198,142505.33421938051,0.37891627885230483,0.9522232322310473,0.3608128837937026,WDM_8keV
44,23,278.48857142857145,47.11248155602966,331000000.0,18.75,19.374285714285715,-4.415402533501729,0.0520931368697193,27.73394968710182,6659.797336392513,0.8665150834413898,0.9029936242201303,0.7824575956381492,WDM_8keV
45,23,278.48857142857145,231.61116165695577,1504000000.0,29.9,16.724285714285717,-7.943295727228114,0.03688239794683359,23.456249690664972,171639.91504074278,0.9988733585885801,0.9768942811725196,0.9757936716207714,WDM_8keV
47,23,278.48857142857145,147.6782278455073,237200000.0,14.04,19.18,-2.298551562606371,0.007477464058530571,25.635669779347083,947.80855649022,0.9905454841516981,0.8696561283935003,0.861433950745031,WDM_8keV
48,23,278.48857142857145,222.08462672722462,483600000.0,21.53,18.991428571428575,-5.643600501823726,0.10917867845800897,28.11253833471776,20641.44994377123,0.7866703584920034,0.9314971018236428,0.7327811590258673,WDM_8keV
49,23,278.48857142857145,183.08444856437552,1610000000.0,32.5,24.452857142857145,-8.51941898177476,1.69160676780327,31.18752775916845,291788.1111744727,0.5578442877900034,0.9783824780999879,0.5457850766819063,WDM_8keV
50,23,278.48857142857145,258.28350702280716,288500000.0,17.85,15.815714285714286,-4.109138012961078,0.11459272334827834,29.75209686170956,5022.90778633375,0.9984049992231412,0.8902785721236393,0.8888585771094814,WDM_8keV
51,23,278.48857142857145,277.9646894327308,153400000.0,10.99,15.661428571428571,-0.6194217374673983,0.028699030738415173,30.235364080500972,201.86856461571006,0.9936598890353152,0.8119047018876471,0.80675713598493,WDM_8keV
52,23,278.48857142857145,119.63943619842138,159300000.0,12.54,16.142857142857146,-0.8696965764732658,0.023702537700730362,29.569727324561867,254.20180534177962,0.9991117900570522,0.8175948888983726,0.8168686929887498,WDM_8keV
53,23,278.48857142857145,224.18312667485347,635900000.0,25.19,22.472857142857144,-6.467992761948435,0.035584152741608886,24.85374005763645,44105.94227925867,0.643640640275525,0.9470304960313943,0.6095473148260947,WDM_8keV
54,23,278.48857142857145,92.47190968956,450900000.0,27.19,27.05,-6.987991393682106,0.052803929579240565,25.19078949320401,71202.71559428347,0.3864369697202996,0.926894091981783,0.3581861441570889,WDM_8keV
55,23,278.48857142857145,137.31970368599806,175100000.0,13.92,17.240000000000002,-1.9328130456629005,0.03076200230659527,29.072709627173865,676.745253236224,0.9702694861037782,0.8312645144572333,0.8065505932587264,WDM_8keV
57,23,278.48857142857145,240.32755029037037,184100000.0,13.94,14.884285714285715,-2.690333270218151,0.0030048432925222877,23.264225539496618,1359.6693512540512,0.9979319241436898,0.8381725392221187,0.8364391348303312,WDM_8keV
59,23,278.48857142857145,264.71622580431864,190300000.0,13.15,17.177142857142858,-2.0719386452532946,0.03058370213932264,28.920961302403875,769.2640873103172,0.9184207715691142,0.842611366519749,0.7738717813719735,WDM_8keV
61,23,278.48857142857145,242.1052183136411,233500000.0,19.74,16.554285714285715,-4.6410186946612795,0.008767498720532365,23.638809532112187,8197.991767620619,0.6627929401687782,0.8678648879424252,0.5752147207486072,WDM_8keV
63,23,278.48857142857145,98.86983196845163,260300000.0,18.82,14.58,-4.607519476451791,0.3855433860348841,31.888296480636726,7948.913858001022,0.9978980434292173,0.8798268539057357,0.8779774960690174,WDM_8keV
65,23,278.48857142857145,69.3089033359476,637000000.0,25.65,28.05428571428572,-6.993103894063224,0.006908405376183471,20.76923484420596,71538.78462406596,0.3146876473447475,0.9471171053763517,0.29804605365085146,WDM_8keV
66,23,278.48857142857145,181.08095945611907,411100000.0,21.21,16.64142857142857,-5.172125535590934,0.21548805783153965,30.060440169932537,13370.578995825646,0.695124862377297,0.9203826583320993,0.6397808687075512,WDM_8keV
67,23,278.48857142857145,105.56209604991066,376200000.0,24.12,17.795714285714286,-6.093148730075614,0.11324993803958226,27.742490806205396,31229.10170216316,0.5702378025995699,0.9136374926891053,0.5209906362036161,WDM_8keV
68,23,278.48857142857145,69.61477235911642,412800000.0,21.31,18.147142857142857,-5.6295862546574424,0.004297519941795851,21.1019529193472,20376.73051381899,0.7238509387007732,0.9206844095035319,0.6664382740662986,WDM_8keV
69,23,278.48857142857145,217.67492426336992,210400000.0,17.27,13.510000000000002,-3.694882456315354,0.04566617765042511,28.168540523676896,3429.675116757486,0.997749987699183,0.8554640472272775,0.8535392425981094,WDM_8keV
70,23,278.48857142857145,199.94948800910245,265600000.0,16.28,15.98,-2.875666875463393,0.0978039423477064,30.641564600318116,1612.7488845383127,0.8310532125124047,0.8819404644088883,0.7329394561916888,WDM_8keV
72,23,278.48857142857145,247.71823773417205,155400000.0,16.63,16.041428571428572,-3.158753751659069,0.07221744917129151,29.699906641379755,2093.1555361365185,0.6468217059337275,0.8138729404422071,0.5264306837501274,WDM_8keV
73,23,278.48857142857145,127.67934725039585,346800000.0,20.15,16.07857142857143,-5.085580220527565,0.08715939218420318,28.181440415285223,12346.165324759148,0.9104948219282274,0.907000218649664,0.8258190025682891,WDM_8keV
76,23,278.48857142857145,178.3332451522413,135400000.0,15.64,15.127142857142859,-2.8740018065939212,0.0004765000566015568,19.081762647113724,1610.277492403455,0.915530669865112,0.792120097365629,0.7252102433547721,WDM_8keV
77,23,278.48857142857145,256.1439176139317,430900000.0,19.84,15.722857142857144,-4.851407122507957,0.03168629928717715,26.218400148092606,9950.911161194894,0.6094705594776968,0.9237608516958187,0.5630050431066443,WDM_8keV
78,23,278.48857142857145,78.48639294521014,361500000.0,22.63,21.535714285714285,-5.997149335276714,0.05150169511818121,26.127407953480535,28586.417624343576,0.8926305377296755,0.9104416632418181,0.8126880314310442,WDM_8keV
79,23,278.48857142857145,177.17158638000862,247300000.0,18.49,17.08857142857143,-4.162203584383886,0.0032314216059946845,21.950214208713263,5274.501664939833,0.5692216109110546,0.8743073230742396,0.49767462287165054,WDM_8keV
80,23,278.48857142857145,197.62800346889543,150300000.0,16.4,14.875714285714286,-3.536717063676048,0.059577549361846054,28.904145783007756,2964.7414513187655,0.9353994630659723,0.8087702886888927,0.7565232937833016,WDM_8keV
82,23,278.48857142857145,119.52094940610709,459600000.0,26.57,22.194285714285716,-6.852510309025081,0.011670030514608186,22.04829932003563,62849.83235777421,0.26386771962438327,0.9281780820232919,0.2449162339088198,WDM_8keV
83,23,278.48857142857145,210.85001439751284,128900000.0,12.71,13.507142857142858,-1.346261546171128,0.08234203176404563,31.797296019099456,394.27988250982656,0.9977404288801917,0.7839123057999782,0.7821410001933302,WDM_8keV
84,23,278.48857142857145,232.6661267365986,115900000.0,14.68,15.88,-2.133471210621181,0.012002107082668268,26.828265946364038,814.12011307744,0.8050838915162659,0.7653853036458411,0.6161993787685526,WDM_8keV
85,23,278.48857142857145,237.79634830103615,157400000.0,10.96,16.73,-0.5485885735153762,0.018595964628575986,29.363954654576784,189.11911609759866,0.929680412736372,0.8158004108934562,0.7584336627099303,WDM_8keV
87,23,278.48857142857145,247.75040641248964,152300000.0,12.0,17.405714285714286,-1.056669242756361,0.023667758434210696,29.379566068069174,301.97271042328276,0.8753051714684947,0.8108043218660854,0.7097012159783905,WDM_8keV
88,23,278.48857142857145,80.708765930093,191800000.0,18.05,16.42,-4.259236332651372,0.11709949558377039,29.648988459820213,5767.592030479025,0.49591895268477015,0.8436489322780073,0.41838149492893395,WDM_8keV
89,23,278.48857142857145,151.51374558778323,425200000.0,20.91,18.312857142857144,-5.344131129063833,0.0028012799366062763,20.458101095675453,15665.795450445381,0.4795105259114161,0.9228180901410756,0.4425009877241157,WDM_8keV
92,23,278.48857142857145,146.78252203688766,127700000.0,14.68,14.04857142857143,-2.40386067736189,0.036308100358800006,28.961606629550282,1044.3456712268317,0.9166759032856725,0.7823256188718105,0.7171390433428396,WDM_8keV
93,23,278.48857142857145,117.85329517529523,675600000.0,25.71,18.16,-6.705036964829174,0.15199496362355416,27.769558694910486,54867.45118525823,0.19715805746187842,0.949986689404007,0.18729753029753485,WDM_8keV
94,23,278.48857142857145,113.12514381543839,110500000.0,14.06,16.234285714285715,-1.640318572410762,0.005441359085437418,25.60366803225795,516.9248720959885,0.7943654487450513,0.7567209296079238,0.6011129608227708,WDM_8keV
96,23,278.48857142857145,252.96649048069682,103500000.0,13.97,12.51142857142857,-1.7201555961392403,0.026412242593101036,28.9543204625514,556.368122023951,0.994379793674424,0.7444888064433655,0.740304625744072,WDM_8keV
97,23,278.48857142857145,262.66380894711864,98410000.0,11.33,14.522857142857145,-0.27597369788982107,0.035933869467246186,31.066995902305877,147.1260174264503,0.8488372692456458,0.7347924382059,0.6237192067090461,WDM_8keV
98,23,278.48857142857145,160.8391971720225,178200000.0,16.69,14.088571428571429,-3.64730501398411,0.02194972202026243,26.625289779612686,3282.630539613269,0.7364307606807804,0.8337095705656375,0.6139693732384992,WDM_8keV
99,23,278.48857142857145,198.92238718266097,257400000.0,20.01,12.952857142857145,-4.542644009803108,0.017818288169709297,25.27713555292988,7487.858070496551,0.9732762152615797,0.878637998327753,0.8551574655974457,WDM_8keV
100,23,278.48857142857145,236.00136327866596,148300000.0,15.83,15.457142857142859,-2.9810838359359186,0.1636505021897723,31.653952546727066,1777.1886639731601,0.5429911355352774,0.8066920407965609,0.43802662725939495,WDM_8keV
101,23,278.48857142857145,214.6489649713397,92490000.0,12.05,13.59714285714286,-1.5379523724144608,0.0725494127569991,31.33066680568337,470.41476976393943,0.9677555399364218,0.7225462642805943,0.6992481501179111,WDM_8keV
103,23,278.48857142857145,169.141144417003,187500000.0,15.91,16.405714285714286,-3.409103977338124,0.05418217327876687,28.82562779782242,2635.976844603717,0.47557504036845655,0.8406372682544394,0.39978610278533405,WDM_8keV
105,23,278.48857142857145,233.45883918120487,100400000.0,11.72,14.457142857142857,-0.8047928764269914,0.025207718405804182,29.768324488020866,239.45127318572568,0.8764512572390296,0.7386697077128849,0.6474079940093445,WDM_8keV
107,23,278.48857142857145,270.59176005977037,137300000.0,11.73,16.25714285714286,-0.7643776732533718,0.004206364111500112,25.920606314632373,230.70184583282796,0.9481270805353084,0.7944028109779256,0.7531948179415431,WDM_8keV
110,23,278.48857142857145,142.5758301639432,156800000.0,13.53,13.772857142857143,-2.0970255420446486,0.01196987382272977,26.858871990999226,787.2455543578149,0.8456234267384162,0.815226374802144,0.6893745206277254,WDM_8keV
114,23,278.48857142857145,193.51824308876036,136200000.0,14.09,13.102857142857145,-2.271991558920341,0.048615476840991906,29.72733086123122,924.9039273628796,0.8452131866425039,0.7930873900078501,0.6703279201945213,WDM_8keV
115,23,278.48857142857145,229.50417629920136,91640000.0,12.4,14.481428571428573,-1.1108646091198802,0.03509395178320171,30.180746437050985,317.428446485544,0.8321695328355514,0.7206944564952087,0.5997399691787895,WDM_8keV
116,23,278.48857142857145,257.63666434793265,125200000.0,15.02,13.667142857142858,-2.80387298506976,0.03403551495165661,28.42123831479203,1509.5558795511379,0.7428476422379198,0.7789440097701593,0.578636721093114,WDM_8keV
119,23,278.48857142857145,164.73618550982877,161600000.0,16.46,15.508571428571429,-3.320266472384188,0.07087877992396875,29.49776436446022,2428.8829649678614,0.8428789781835455,0.8197209138485316,0.6909255262603324,WDM_8keV
120,23,278.48857142857145,126.19171841257456,117000000.0,13.29,13.91,-1.4536000249542633,0.010945224340924856,27.307972983924564,435.25123290070457,0.9578483057640855,0.7670751396166403,0.7347416228755483,WDM_8keV
121,23,278.48857142857145,123.16665497592955,177400000.0,17.04,17.652857142857144,-3.7247104495430348,0.22351607464284554,31.587283030451516,3525.203395918173,0.90336182633741,0.8330853979130597,0.7525775465537695,WDM_8keV
125,23,278.48857142857145,205.44634236666246,70210000.0,11.32,12.610000000000001,-0.7433488273651649,0.02897554644819033,30.1322590187697,226.27654085148407,0.9248851225702122,0.6641837949679447,0.6142937106180761,WDM_8keV
126,23,278.48857142857145,128.15521361033757,381500000.0,24.63,16.404285714285717,-6.923709887356909,0.012036216126332057,22.04418967091527,67109.49255648303,0.12611142182782964,0.9147344990490017,0.11535846827003708,WDM_8keV
127,23,278.48857142857145,20.072994346656998,303100000.0,15.89,18.1,-2.7255408658112135,0.014311853694452968,26.618388244719494,1404.4825456250796,0.42707502089437155,0.8950062303988762,0.38223480454819275,WDM_8keV
129,23,278.48857142857145,175.03193236361722,115600000.0,13.38,12.760000000000002,-1.537733144400307,0.06706189363864261,31.160095589078136,470.3197948663332,0.7769689941003822,0.7649201748935451,0.5943192588541262,WDM_8keV
130,23,278.48857142857145,178.04817107875982,117600000.0,15.51,14.577142857142858,-2.8249688414747656,0.043889432350799285,28.95228064882997,1539.1733550258173,0.3819133961446243,0.7679866470684535,0.29330438857563607,WDM_8keV
131,23,278.48857142857145,256.10217030054883,139600000.0,12.84,16.26,-1.07373053772079,0.02659521026511551,29.615736274462456,306.7553989226577,0.8253568404433691,0.7970998943653499,0.6578918503311284,WDM_8keV
132,23,278.48857142857145,166.41209053896534,144400000.0,14.53,12.488571428571431,-2.697880640604147,0.00035706682252288906,18.63131652453955,1369.1538634659314,0.9461002108785168,0.8025067063412002,0.7592517641008335,WDM_8keV
135,23,278.48857142857145,181.4952487150078,86000000.0,13.97,13.678571428571429,-1.8276477820406418,0.016180814886627717,27.782803836130288,614.2697273753835,0.7160212485964565,0.7077518346961198,0.5067653523755486,WDM_8keV
136,23,278.48857142857145,45.6029939940769,570200000.0,25.66,23.71428571428572,-6.828082640304017,0.13065677060356787,27.318026629020544,61451.58035090416,0.08122434800296441,0.941287287119389,0.07645544617975153,WDM_8keV
137,23,278.48857142857145,137.0026105814082,83180000.0,12.4,12.097142857142858,-1.5895313560552449,0.004502769796127018,25.243317036077816,493.30162083685667,0.8988301831147207,0.7008199322648054,0.6299181080480213,WDM_8keV
139,23,278.48857142857145,27.49923932157371,400700000.0,23.46,24.728571428571428,-7.067302978793843,0.059087269997929674,25.35561631603735,76598.66339874479,0.16602642932014977,0.9184854720110786,0.15249286330043174,WDM_8keV
143,23,278.48857142857145,175.33453505706333,55270000.0,11.67,11.598571428571429,-0.9385976850441144,0.02567415019153101,29.674332373149706,270.8563826211253,0.923513359178614,0.6090303525341767,0.562447666710573,WDM_8keV
144,23,278.48857142857145,136.6121061656679,80080000.0,13.45,11.188571428571429,-1.6163262154698854,0.015640439056538443,27.920368157214465,505.6272670589409,0.9651504181850293,0.6928100565446059,0.6686659157968202,WDM_8keV
145,23,278.48857142857145,213.44528955367554,245900000.0,21.68,13.781428571428572,-5.31245036149456,0.02832618017389023,25.513939375569667,15215.286856346134,0.3501752533357758,0.8736825194179421,0.30594199757221674,WDM_8keV
146,23,278.48857142857145,105.80661315700642,92210000.0,14.0,12.035714285714288,-1.984829003310451,0.10028499359357927,31.58680042306148,709.9562737580619,0.800506451000599,0.7219389756316259,0.5779168072218808,WDM_8keV
148,23,278.48857142857145,129.8353541362114,95030000.0,14.15,12.025714285714285,-2.6514597186987237,0.022819919634877887,27.70556050532653,1311.8491175147929,0.9330377087164646,0.7279363939353134,0.6791921050887306,WDM_8keV
149,23,278.48857142857145,243.1602918879239,202500000.0,20.66,12.770000000000001,-5.153043671154763,0.5014136510221046,31.91338676714618,13137.643369410038,0.6199991821666198,0.850671196738024,0.5274154462702746,WDM_8keV
150,23,278.48857142857145,127.08655976723537,97280000.0,14.7,14.870000000000003,-2.506625861005544,0.04236414987044713,29.19381628868649,1148.022353434224,0.7968784643129094,0.7325391135776839,0.5837446438769247,WDM_8keV
152,23,278.48857142857145,80.62116119638074,63730000.0,12.94,11.271428571428572,-1.0271437366904737,0.04811336534451322,30.949634610157634,293.87151687974983,0.9314941544041077,0.6422981516307764,0.5982969736286314,WDM_8keV
154,23,278.48857142857145,212.74082632084182,398400000.0,21.44,13.225714285714286,-5.355878989859476,0.08387169790157846,27.82764785593129,15836.222534780933,0.733579014994228,0.9180536282033536,0.6734648762892933,WDM_8keV
156,23,278.48857142857145,70.3948310950349,207800000.0,19.75,17.267142857142858,-4.80760200689697,0.017470116758432026,24.96932670161283,9557.422889424008,0.6747720562089357,0.8539209831752923,0.576202017657148,WDM_8keV
157,23,278.48857142857145,266.7382608399395,110000000.0,14.11,12.821428571428571,-2.601260094466781,0.011314557072231883,26.232377363529316,1252.5758605426881,0.7875187547442173,0.7558861859426569,0.595274547881917,WDM_8keV
160,23,278.48857142857145,83.14079157964186,133100000.0,15.44,13.834285714285715,-2.5899376187421446,0.05165994798010732,29.54128187473842,1239.5813900039723,0.39197737737698335,0.7892880615749408,0.30938306437110824,WDM_8keV
161,23,278.48857142857145,139.1855178075251,99820000.0,15.6,11.854285714285716,-2.7506465849315687,0.005259222775377525,24.419410923362456,1437.3370947235812,0.8214086451723552,0.7375514074667171,0.6058311023521998,WDM_8keV
162,23,278.48857142857145,90.09281155496406,143500000.0,17.16,18.45714285714286,-4.459202953962142,0.006496720868306199,23.169717755424813,6933.957598324247,0.5983209082909018,0.8015149908754218,0.4795631773493562,WDM_8keV
163,23,278.48857142857145,229.8374953868717,94750000.0,13.16,13.14,-1.4512109219819207,0.004513713306219739,25.386908603392065,434.29453939548705,0.6689606831018786,0.7273525013961,0.4865702261897952,WDM_8keV
164,23,278.48857142857145,134.18501467476057,68800000.0,12.44,11.621428571428572,-1.6136148975576248,0.0023593220700505236,23.81577092477343,504.366181772294,0.9134734786593642,0.6596527695756819,0.6025753101315822,WDM_8keV
165,23,278.48857142857145,17.582679324967724,2347000000.0,32.32,25.68,-8.13776566105394,0.09199943544113207,25.246609821267313,205308.1853465324,0.1587483030635508,0.9850689046373332,0.1563780170118474,WDM_8keV
167,23,278.48857142857145,118.16985181319589,102900000.0,14.7,13.14,-2.696880892106136,0.04552768918764406,29.15994681744593,1367.8937235678648,0.7300069222207626,0.7433828453771404,0.5426746229854793,WDM_8keV
168,23,278.48857142857145,104.28957527099193,67960000.0,13.62,10.985714285714288,-1.939482115860125,0.0010106040623749585,21.648872753338434,680.9149136238882,0.9627386680993669,0.656894824305714,0.6324180482334507,WDM_8keV
169,23,278.48857142857145,103.23340109693366,144900000.0,18.51,15.465714285714288,-4.264266100988039,0.03849832662051344,27.228392833648293,5794.372891620643,0.7739777565465011,0.8030533887162191,0.6215454601856446,WDM_8keV
170,23,278.48857142857145,94.48397985361943,247300000.0,23.15,19.357142857142858,-5.718820239570273,0.04768677430950998,26.238619162915633,22122.188869887905,0.13625450373074388,0.8743073230742396,0.11912831041363568,WDM_8keV
172,23,278.48857142857145,166.57737308677235,166600000.0,13.7,12.134285714285715,-1.8786369523532231,0.0040485269707822924,24.723297902729897,643.8056458973954,0.842338216794073,0.8241759439898421,0.6942348949849753,WDM_8keV
177,23,278.48857142857145,206.08317619399685,72190000.0,10.67,11.121428571428572,-0.23476765660227716,0.049525591993195076,31.804830391715576,141.6468962139286,0.9495747203376075,0.6703465258236456,0.6365441147882751,WDM_8keV
182,23,278.48857142857145,45.01826160071399,52170000.0,16.15,12.252857142857144,-3.118632046583726,0.004679507827754467,23.797818514756372,2017.2179249449814,0.4912219806688466,0.5952352668519252,0.29239264674695215,WDM_8keV
183,23,278.48857142857145,109.82386176166195,44840000.0,12.19,11.06857142857143,-1.556340122936442,0.06999455104675227,31.234430709284613,478.4494384302478,0.20105260003246705,0.5583887417505878,0.11226550835781347,WDM_8keV
184,23,278.48857142857145,107.01405114683322,65420000.0,14.22,12.33857142857143,-2.465153281958158,0.05945782742640003,29.971341569692413,1104.9975440934622,0.6882159945424559,0.6482764644788507,0.44615423173977925,WDM_8keV
185,23,278.48857142857145,146.684471167308,69370000.0,12.37,11.23857142857143,-1.8156836608477214,0.015111916057317544,27.646363672697106,607.5380240233922,0.8013651190581058,0.6614991093970234,0.5301023125587766,WDM_8keV
186,23,278.48857142857145,173.77798409205502,143000000.0,12.81,10.032857142857143,-1.6023015032425558,0.03662825410069441,29.782229259405042,499.1379618319086,0.9659790794379162,0.8009597217686173,0.7737103347008984,WDM_8keV
188,23,278.48857142857145,203.577297158524,73880000.0,12.25,10.794285714285715,-0.7268038649671071,0.006963727726615389,27.052854717853002,222.85457079521302,0.828858697674975,0.6754304138839461,0.5598363732219169,WDM_8keV
189,23,278.48857142857145,191.6427085884129,65420000.0,11.28,10.985714285714288,-1.1699466053056042,0.022824908794596463,29.187548319713894,335.1804210031674,0.9227591558479076,0.6482764644788507,0.5982030431185703,WDM_8keV
190,23,278.48857142857145,62.45801365227879,74160000.0,13.58,12.435714285714287,-2.575704904761655,0.007345568499232014,25.319871831111577,1223.4379896928995,0.6379003469831896,0.676257606604815,0.4313849619032329,WDM_8keV
191,23,278.48857142857145,142.17112568869732,46530000.0,11.79,10.8,-0.8581539370096118,0.06809391568589591,31.872837277143514,251.51365868646954,0.764504934890679,0.5674672781242397,0.4338315345149627,WDM_8keV
192,23,278.48857142857145,31.247667668065006,267600000.0,19.46,17.702857142857145,-4.5175675177617665,0.008878224348335568,23.789512729306722,7316.8981051155,0.14428832765348198,0.8827188585080242,0.1273660278823134,WDM_8keV
195,23,278.48857142857145,184.55501364423733,156800000.0,14.98,11.955714285714286,-2.3894327671584294,0.01717776069898499,27.35084964549114,1030.5595848557584,0.4602419711520337,0.815226374802144,0.37520139367406535,WDM_8keV
196,23,278.48857142857145,228.72009584838915,107400000.0,13.99,12.310000000000002,-2.4189102476858,0.015961709864825407,27.161936485188782,1058.9223117080735,0.5236528249332656,0.7514514850449906,0.3934996929441069,WDM_8keV
198,23,278.48857142857145,127.36761354281627,61190000.0,12.6,11.434285714285714,-1.4134160388161439,0.07194770310896896,31.43711830148098,419.43668812451216,0.7798776309331177,0.6329205442552515,0.493600574622685,WDM_8keV
200,23,278.48857142857145,108.32740433801966,229000000.0,17.92,15.84,-4.155261708157915,0.12099334365345696,29.823995355886165,5240.885641012605,0.15715295161464216,0.8656188720361158,0.1360345607138128,WDM_8keV
201,23,278.48857142857145,259.1529774366563,132800000.0,13.34,11.912857142857144,-2.3323792100958576,0.0013796206184873286,21.931868842263867,977.8037174290911,0.6792195626607167,0.7889129660237482,0.535845119760019,WDM_8keV
202,23,278.48857142857145,47.1008709135598,92490000.0,15.6,13.231428571428573,-3.0361804249346935,0.04359478060422253,28.726441727799685,1869.7010415791267,0.36347385825346146,0.7225462642805943,0.26262667844469284,WDM_8keV
205,23,278.48857142857145,117.4965114549377,58370000.0,12.78,12.528571428571428,-1.5036759992570206,0.05017632014551722,30.56426770990934,455.7958847088228,0.5770813352309636,0.6219156541025646,0.35889591607054605,WDM_8keV
208,23,278.48857142857145,191.19418539957692,141000000.0,18.57,10.4,-3.9953022839983854,0.0014908293874809403,20.43728711215907,4522.940906462483,0.8434107137514495,0.798707223043237,0.6736382290653348,WDM_8keV
209,23,278.48857142857145,55.827630128052085,99260000.0,11.75,10.205714285714286,-0.7787663301896091,0.002460566148490968,24.741858564996647,233.77955739997196,0.9318980092390255,0.7364625483060557,0.6863079826455131,WDM_8keV
210,23,278.48857142857145,95.28026328379784,67110000.0,10.65,10.675714285714287,-0.48538624380431283,0.05616410154495383,31.82735750650471,178.42450374559476,0.6686293659380045,0.6540581545731765,0.4373224891788443,WDM_8keV
211,23,278.48857142857145,246.03296153821654,137900000.0,11.58,9.932857142857143,-0.3230821700941213,0.011724587594760144,28.58785537885835,153.65010735660033,0.891745289097683,0.795113287499215,0.7090385284263966,WDM_8keV
213,23,278.48857142857145,84.7022600474402,93900000.0,14.45,16.322857142857146,-2.265030683462016,0.03270977904684948,28.873807039904996,918.9931481696628,0.6733290356104817,0.7255645142263046,0.48854365463718535,WDM_8keV
214,23,278.48857142857145,52.30391174350791,268700000.0,23.75,17.25714285714286,-6.024644482714865,0.0024158175997827944,19.456125892565307,29319.583260540778,0.006485918965804749,0.8831426158050261,0.005727991441360236,WDM_8keV
215,23,278.48857142857145,170.73437120335223,141300000.0,15.71,11.437142857142858,-3.407752173033381,0.005275973079282319,23.769210352297073,2632.6969433921536,0.7706313211021469,0.799048342765134,0.6157716800095764,WDM_8keV
216,23,278.48857142857145,140.68983181277764,91360000.0,13.25,12.945714285714285,-1.9777399162871836,0.0005136636482279649,20.14110391442872,705.3358634612422,0.2790282629265457,0.7200790236092661,0.20092239912753662,WDM_8keV
217,23,278.48857142857145,108.03049550559518,73880000.0,12.85,11.985714285714288,-2.0294514121528247,0.029622595049942486,28.89411376709303,739.742490072341,0.5254661695955372,0.6754304138839461,0.3549158324119255,WDM_8keV
218,23,278.48857142857145,122.13426369102174,162700000.0,20.02,19.06714285714286,-4.809211758473491,0.045218461038027125,27.032816799984417,9571.603578406364,0.23338817301560855,0.8207202849784803,0.1915464078679771,WDM_8keV
219,23,278.48857142857145,236.46698738396304,42300000.0,11.07,9.292857142857143,-0.20881499733538345,0.017930719398676662,29.62462324479747,138.30121610064086,0.9748965266845765,0.5440032914420666,0.5303469193318481,WDM_8keV
222,23,278.48857142857145,202.71104749251717,36380000.0,10.77,10.177142857142858,-0.3099302542028539,0.029080235218020178,30.573508991842544,151.80011538827247,0.8580886859903347,0.5065343670312366,0.4346514094147797,WDM_8keV
223,23,278.48857142857145,151.7546583355156,146900000.0,17.09,13.265714285714285,-3.304253501978395,0.0014297818117566684,21.03754500945942,2393.3234759173174,0.3762581951337629,0.8052101815051834,0.3029669295964699,WDM_8keV
225,23,278.48857142857145,212.17227405472403,182400000.0,16.75,9.407142857142858,-3.6139903638512534,0.08979524903257355,29.717726103213522,3183.4361637316138,0.9714419230382134,0.8369113602955721,0.8130107812580577,WDM_8keV
226,23,278.48857142857145,231.21066813887842,59780000.0,11.31,11.13,-1.492987987240137,0.06813867443704055,31.23943008661821,451.3310317142602,0.6500568061039329,0.6274993993513994,0.40791025537450704,WDM_8keV
227,23,278.48857142857145,194.07234975330965,463300000.0,24.94,11.737142857142857,-7.162085116308286,0.21275349710586888,28.042748091937675,83586.09698562471,0.8279352262174003,0.9287105783733035,0.7689122027959937,WDM_8keV
228,23,278.48857142857145,141.60640046643869,50480000.0,11.63,12.17857142857143,-0.5207276482369885,0.006546717558298779,27.12484004656089,184.32789320211177,0.7752054336891367,0.5872964029539052,0.4552753627559521,WDM_8keV
230,23,278.48857142857145,118.24973486615934,102600000.0,15.69,12.488571428571431,-2.5350982053035223,0.009333513487701872,25.880577262611546,1178.526309320472,0.19796850742531635,0.7428262661309121,0.14705620718225748,WDM_8keV
232,23,278.48857142857145,218.42038011362428,77540000.0,15.13,9.991428571428571,-2.887212682506423,0.00240191768858099,22.581027590718342,1629.9904991373114,0.7919704523755147,0.6859201879980833,0.5432285215823401,WDM_8keV
233,23,278.48857142857145,223.23227127540406,69650000.0,12.55,10.137142857142859,-1.8076795637657765,0.00837149533717521,26.371785305506876,603.075694314104,0.8574930888357526,0.6623987630883565,0.5680023614016168,WDM_8keV
235,23,278.48857142857145,49.804128588799536,156200000.0,23.47,14.751428571428573,-5.821686583796462,0.033131490852160474,25.344967980710102,24320.61951878523,0.023882647381328392,0.814648749413265,0.019455968821877164,WDM_8keV
242,23,278.48857142857145,271.2239521961451,74720000.0,12.54,9.077142857142858,-0.7644961764479277,0.00948452760946239,27.68603201995782,230.72702726973185,0.851264032825998,0.6778994032501947,0.5770713798610982,WDM_8keV
243,23,278.48857142857145,258.39598586318033,37780000.0,13.15,8.811428571428571,-1.2195753852594295,0.08491514659221407,31.990800104035028,350.8570068499459,0.9600101796478606,0.5159411293250125,0.4953087362510253,WDM_8keV
246,23,278.48857142857145,112.21919239976992,46240000.0,12.65,9.881428571428572,-1.060794739117413,0.011499683972622347,27.808084459271097,303.12230563455,0.7048313544063727,0.565936066669551,0.39888948437811483,WDM_8keV
247,23,278.48857142857145,2.7378674853557317,42020000.0,15.4,11.000000000000002,-3.551337770873668,0.015735358736792545,25.998495142347736,3004.9351810686503,0.5940387686291935,0.5423598864492565,0.3221827991001855,WDM_8keV
248,23,278.48857142857145,278.04999733933784,42020000.0,11.46,8.718571428571428,-1.7266238713840814,0.01882369503496504,28.21235019034021,559.6925789320467,0.984365019877825,0.5423598864492565,0.5338801004055572,WDM_8keV
249,23,278.48857142857145,154.88609442069318,77260000.0,14.67,10.96,-2.1368951368248457,0.004283645868188085,24.587622335241992,816.6915360837053,0.31809792853664987,0.6851417097922609,0.2179421586389767,WDM_8keV
251,23,278.48857142857145,76.2767584363146,117000000.0,17.72,16.58142857142857,-4.073026174397497,0.016836712898299265,25.623710028077152,4858.592436533692,0.5149347723215894,0.7670751396166403,0.39499366237204603,WDM_8keV
253,23,278.48857142857145,24.594445199954873,118700000.0,17.02,15.06857142857143,-3.307816056169812,0.19359069731603112,31.69205603554336,2401.1894274439815,0.16600202632388528,0.7696393449611566,0.12776169080213973,WDM_8keV
255,23,278.48857142857145,205.23119516630436,106900000.0,12.0,10.538571428571428,-1.3243644528232803,0.0207774547445493,28.829046943297115,386.4077080548408,0.5581068713689574,0.7505801179041427,0.41890392131522425,WDM_8keV
257,23,278.48857142857145,171.37324047534761,49350000.0,11.35,8.872857142857145,-0.5064705043256001,0.009122914048098795,27.859647082370493,181.92324823514792,0.9793349807014344,0.5818120194832687,0.5697888628725095,WDM_8keV
258,23,278.48857142857145,128.53288152318262,43990000.0,12.25,9.801428571428572,-1.1588215471224759,0.005728890860102403,26.196980867149716,331.76351130548636,0.8093587727521971,0.5536769199891477,0.44812327246363304,WDM_8keV
259,23,278.48857142857145,56.52078902348003,306800000.0,23.84,15.641428571428571,-5.68640727601801,0.011402617232698468,23.164065124920043,21471.525959858718,0.016796496979757936,0.8961403266440808,0.015052018289916593,WDM_8keV
261,23,278.48857142857145,143.98409988747997,41450000.0,11.53,10.314285714285715,-0.6619026872545328,0.005792516277143477,26.71788329786162,209.92350786281517,0.7850479727482714,0.5389774785434446,0.4231231768875061,WDM_8keV
264,23,278.48857142857145,224.5842589937052,34970000.0,11.29,8.652857142857144,-0.7637495019117262,0.002540294975407691,24.826120914984465,230.56840792000506,0.9832226615122371,0.49668307210744156,0.4883500520855531,WDM_8keV
266,23,278.48857142857145,109.27265468187369,55830000.0,11.8,9.177142857142858,-0.9816915836942091,0.024815926666199344,29.557410572617712,281.823129674271,0.9832192693545103,0.6114226537193532,0.6011625348567382,WDM_8keV
268,23,278.48857142857145,49.52345558481487,157600000.0,17.72,18.38,-3.9720861032205717,0.058603951122241746,28.432998054995572,4427.2540233694845,0.13921188839272247,0.8159909644124448,0.11359564306725524,WDM_8keV
269,23,278.48857142857145,90.3260590238348,61190000.0,10.57,9.967142857142859,-0.10878396710690996,0.0035133936821289354,26.185299783800158,126.1286033859326,0.9187211602521516,0.6329205442552515,0.5814774967656079,WDM_8keV
270,23,278.48857142857145,77.05487840309019,426600000.0,30.47,18.752857142857145,-7.756457143342947,0.007715400489604644,20.2457848988684,144504.99434812044,0.017176995020231955,0.9230517991872594,0.015855256158055702,WDM_8keV
273,23,278.48857142857145,104.94693800162814,114800000.0,14.83,12.652857142857142,-3.3602889785046033,0.0012117770207233992,20.62227425532705,2520.087332954786,0.2425445688307476,0.7636707659979439,0.18522419666761805,WDM_8keV
281,23,278.48857142857145,232.0455818170599,53290000.0,14.41,8.624285714285715,-1.8032560240213318,0.0007347894217291127,21.09300812403476,600.6236233675074,0.9674508094325783,0.6003302691783182,0.5807900048434416,WDM_8keV
284,23,278.48857142857145,257.65873213399453,83180000.0,11.66,10.951428571428572,-0.44987216127662144,0.019276696235502683,29.540740528397517,172.68271352395715,0.622698020858662,0.7008199322648054,0.4363991847995959,WDM_8keV
285,23,278.48857142857145,29.411159897742056,109700000.0,14.67,15.501428571428574,-2.3819097743062327,0.00546083538793162,24.86983532313196,1023.4435886757348,0.3218433834250466,0.7553825840287409,0.24311488662416453,WDM_8keV
287,23,278.48857142857145,138.2619378910406,34680000.0,10.44,8.934285714285714,-0.03509270787477092,0.026225537813058458,30.623978978682835,117.85203420809287,0.9457441589875053,0.49460789192826143,0.46777252478027653,WDM_8keV
294,23,278.48857142857145,253.4383091219779,49910000.0,10.92,8.337142857142858,-0.2680670116973616,0.005775979576330898,27.105510903766167,146.0584894038504,0.9708279834956743,0.5845480553614286,0.5674956098428535,WDM_8keV
298,23,278.48857142857145,91.73859046002035,111700000.0,17.05,14.920000000000002,-3.0514815045654267,0.005008742658134479,24.01261176056981,1896.2369362812963,0.08917362365152226,0.7587012087101878,0.06765613604947733,WDM_8keV
302,23,278.48857142857145,153.9689645377241,61470000.0,10.72,9.077142857142858,-0.5158712156176781,0.04852358980306158,31.479343068969815,183.50524683847294,0.6058558183518279,0.6339783509287855,0.38409947261930166,WDM_8keV
306,23,278.48857142857145,232.07559069388674,66550000.0,15.62,9.811428571428573,-2.896954372706511,0.02474388272556042,27.635834541424437,1644.6812793755655,0.7744872780494848,0.6521635089558614,0.5050923408944259,WDM_8keV
307,23,278.48857142857145,203.93886939222278,34400000.0,10.8,8.362857142857143,-0.7238266985445945,0.030930680871266308,30.29357037310685,222.24432465525544,0.9805114308799966,0.4925879480748593,0.4829881138011217,WDM_8keV
312,23,278.48857142857145,230.3971429280052,28200000.0,10.79,9.122857142857143,-0.8723007557656874,0.0019377240710693635,24.129608586382165,254.81224976675168,0.5454548096565337,0.44331484130699694,0.24180821238302447,WDM_8keV
313,23,278.48857142857145,93.07400391131274,79240000.0,16.62,14.870000000000003,-3.6297299832422807,0.08672342296565488,29.62640174313551,3229.9216928383807,0.5257927817754693,0.6905652248213343,0.3630942105562117,WDM_8keV
314,23,278.48857142857145,128.90722735870082,96720000.0,14.81,9.797142857142857,-2.907431367477982,0.010775660753526019,25.82023785433844,1660.6287290469104,0.6390438634545399,0.7314081690689141,0.4674019021240102,WDM_8keV
319,23,278.48857142857145,74.21825645914872,68800000.0,12.95,10.520000000000001,-1.2066231730168546,0.05394921018537566,31.01875195292267,346.6963498040702,0.4440224495601973,0.6596527695756819,0.29290063860616267,WDM_8keV
326,23,278.48857142857145,182.68826855983244,80080000.0,11.23,11.067142857142859,-0.008874814135668707,0.010520449924877343,28.666746424533173,115.040278827004,0.5216656558535,0.6928100565446059,0.36141521252924225,WDM_8keV
328,23,278.48857142857145,200.82961099663726,66550000.0,12.19,9.911428571428571,-0.7589365570072939,0.036631911619939575,30.625811027484936,229.54858648106517,0.5514761869196192,0.6521635089558614,0.3596526451670974,WDM_8keV
329,23,278.48857142857145,82.6608253093137,223300000.0,19.64,19.59857142857143,-4.538951310881074,0.09977030550856329,29.02150487042325,7462.434364765464,0.055058802904349724,0.86266189035001,0.04749713099387495,WDM_8keV
331,23,278.48857142857145,264.77446197524955,50480000.0,10.63,9.858571428571429,-0.3739805577649866,0.0020936706222924803,24.79601090917496,161.02459781405972,0.41909942831672264,0.5872964029539052,0.24613558673044925,WDM_8keV
333,23,278.48857142857145,118.31225202653621,40320000.0,12.18,11.15,-0.8082338248985357,0.04170523753949561,30.85816884168881,240.2113533013046,0.627768106349315,0.5321218577942421,0.3340491310145709,WDM_8keV
337,23,278.48857142857145,174.68572421608457,91930000.0,11.81,11.04857142857143,-1.0427949590967254,0.0007894367031133426,22.009241282249587,298.13844613430933,0.5692718255145365,0.721329022127259,0.4106322892230002,WDM_8keV
341,23,278.48857142857145,71.76644375317943,40040000.0,11.35,9.688571428571429,-0.7446534844167267,0.03047468512960065,30.240492321969484,226.54860576328286,0.3812374525782287,0.5303914535518616,0.20220508662137562,WDM_8keV
344,23,278.48857142857145,213.37671295774618,39480000.0,13.04,8.715714285714286,-2.236224242472974,0.010996213232455984,26.535441192673936,894.9312985578912,0.8404660025687374,0.5268919236186901,0.442834748829553,WDM_8keV
348,23,278.48857142857145,91.68967627106605,86570000.0,14.45,14.46,-1.8809319453198894,0.026618478352442528,28.810433852413343,645.1679400714405,0.26128386950286386,0.7091141110248863,0.1852800788476657,WDM_8keV
349,23,278.48857142857145,129.8871362501427,37500000.0,10.87,9.031428571428572,-0.8334266994814534,0.0238668263326753,29.620996336275443,245.85026445862462,0.835141396009489,0.5140886078736105,0.4293366776521419,WDM_8keV
354,23,278.48857142857145,93.65819532224809,154000000.0,11.82,10.082857142857144,-1.3138516901220676,0.047082913985129836,30.615914649304305,382.68432715511574,0.6563217714617353,0.812499530827734,0.5332611313846872,WDM_8keV
357,23,278.48857142857145,147.40204841708115,65980000.0,10.74,12.612857142857145,-0.32201023786911076,0.03815700821076662,31.151311010501487,153.49848560608814,0.470358475585799,0.6502135903079406,0.3058334731424122,WDM_8keV
365,23,278.48857142857145,126.21288624012666,27630000.0,10.99,8.252857142857144,-0.9169803001045507,0.028372006603548515,29.912919632080712,265.516870132653,0.6572260832863777,0.43829943974510405,0.2880618240902884,WDM_8keV
370,23,278.48857142857145,155.51505865796096,106600000.0,12.58,11.487142857142858,-1.407390729461162,0.003001422796562597,24.54469482539073,417.11546472126395,0.17337202432325105,0.7500543582983817,0.1300384424506675,WDM_8keV
373,23,278.48857142857145,155.5463058555441,39760000.0,10.19,10.724285714285715,-0.13110486827419265,0.012194383670304317,28.865144077878853,128.7484316279921,0.6490822276216273,0.5286481901827809,0.3431361449119811,WDM_8keV
374,23,278.48857142857145,95.10728743081954,41450000.0,11.25,9.887142857142859,-0.7662602798379767,0.023764631378796253,29.678844802032298,231.1022170961391,0.7141426746519925,0.5389774785434446,0.3849068181042024,WDM_8keV
379,23,278.48857142857145,229.02298476576738,27630000.0,11.42,9.24,-0.523653081023312,0.012562060000785568,28.53710090694758,184.82522025226862,0.6968416696805053,0.43829943974510405,0.30542531341200835,WDM_8keV
385,23,278.48857142857145,120.11729301657839,36940000.0,11.15,9.662857142857144,-0.22798431532812646,0.015415847717672414,29.27730241345995,140.76468931841498,0.6024604832251018,0.5103406529028028,0.30746007635723654,WDM_8keV
386,23,278.48857142857145,39.80027176606857,98130000.0,15.41,14.747142857142858,-3.067123137599604,0.0038805220051889387,23.44277728591152,1923.7527560992519,0.11730406653455927,0.734237638754864,0.08612906082867826,WDM_8keV
387,23,278.48857142857145,88.68490771908893,42580000.0,10.82,8.642857142857142,-0.46603248340581427,0.003549469765903331,25.85023459369262,175.2721820178265,0.5578538449153018,0.5456349256367217,0.3043845411865199,WDM_8keV
395,23,278.48857142857145,132.5209217213495,31020000.0,10.94,9.221428571428572,-0.4129533397944485,0.005644250768440345,26.91052783501214,166.909607520183,0.7130717681991184,0.46686403857283637,0.33290756549371386,WDM_8keV
396,23,278.48857142857145,178.00111785935934,30450000.0,10.85,8.791428571428572,-0.5691990135603477,0.015366817367787772,28.92917030624161,192.74343982714728,0.8916079780494489,0.4622663825772169,0.4121603946899054,WDM_8keV
397,23,278.48857142857145,92.79533547390142,62040000.0,11.16,10.54857142857143,-0.5928212638354777,0.049734454013508074,31.455915180082982,196.9828903170333,0.7610679771848486,0.6361130069695022,0.4841252394752506,WDM_8keV
398,23,278.48857142857145,156.16849939755136,32990000.0,10.79,9.662857142857144,-0.4474463185674731,0.0008254101129304138,22.70135228009277,172.2973220484361,0.5823095104337127,0.48216534831460356,0.2807694679251774,WDM_8keV
401,23,278.48857142857145,40.19309007523099,42020000.0,13.71,11.268571428571429,-2.1121819604644267,0.01976126522782058,27.932341446068968,798.312232849704,0.2125392769503638,0.5423598864492565,0.11527277811280638,WDM_8keV
402,23,278.48857142857145,139.38782337823906,25940000.0,10.6,9.881428571428572,-0.4170140300159897,0.0574688719646057,31.94559900393119,167.53502392222813,0.6242542935148744,0.42288243005832554,0.2639861726159133,WDM_8keV
404,23,278.48857142857145,125.5336689530523,65980000.0,16.65,12.734285714285715,-3.6719219168666504,0.034767883184993284,27.59941900309317,3357.907795774921,0.16749537811526727,0.6502135903079406,0.108907771164314,WDM_8keV
406,23,278.48857142857145,105.58183304615935,97000000.0,14.35,12.95,-2.3416709099450106,0.0011150228623032958,21.46019762195357,986.2076430810935,0.2577645613070607,0.7319748345659413,0.1886771721196982,WDM_8keV
408,23,278.48857142857145,207.32767026410585,45680000.0,12.23,9.848571428571429,-0.49593480121503664,0.03115549465412988,30.537188124259682,180.1664496660249,0.7459491594153278,0.5629483299644858,0.4199308335312708,WDM_8keV
410,23,278.48857142857145,157.18022672547045,80650000.0,13.88,8.017142857142858,-1.6162423675939364,0.03951415267849374,29.932970671220655,505.58822061729387,0.8035017422925096,0.694314871499042,0.5578832089490802,WDM_8keV
416,23,278.48857142857145,166.3103129817287,65420000.0,11.49,8.585714285714285,-1.1105192073841037,0.003442147217019897,25.139077667048408,317.3274800647804,0.3501089322735099,0.6482764644788507,0.2269673807967364,WDM_8keV
420,23,278.48857142857145,205.68920730072662,32710000.0,10.47,8.761428571428572,-0.07031227975564924,0.04027952316849167,31.520558994673834,121.73764942279874,0.7935360899468636,0.48004438054406373,0.3809325407379006,WDM_8keV
421,23,278.48857142857145,207.76965561870844,38350000.0,11.72,7.345714285714287,-0.5836066433410494,0.006465518574977314,27.03485984627286,195.3181748358943,0.9734230337312134,0.5196689794985124,0.5058577545594457,WDM_8keV
423,23,278.48857142857145,211.38616659699085,39200000.0,11.6,8.832857142857144,-0.2819656341497021,0.03894535534217384,31.235762390492873,147.94021777210315,0.6808208090593583,0.5251225076268633,0.3575143304978001,WDM_8keV
425,23,278.48857142857145,227.6397444764513,60630000.0,10.63,8.168571428571429,-0.02553788312474392,0.028083130348270403,30.782139366528046,116.81944893803667,0.7829946026214596,0.6307864735071802,0.4939024041627464,WDM_8keV
427,23,278.48857142857145,68.04827068234076,38910000.0,11.16,10.355714285714287,-1.1148667238033,0.027417825588161752,29.64074799430699,318.6006734900602,0.6679272145058817,0.5232758775902718,0.34951019933699096,WDM_8keV
429,23,278.48857142857145,237.5352803011727,65700000.0,11.37,8.517142857142858,-0.7887068830056032,0.014449476544348984,28.576003359678307,235.92977482337875,0.6814776613052091,0.6492477029996838,0.44244780624800356,WDM_8keV
431,23,278.48857142857145,243.21359471267297,43420000.0,11.42,8.322857142857142,-0.849991862820322,0.0035281031297353972,25.45316416545946,249.6299818356054,0.8321304529943292,0.5504604560396419,0.45805490863973225,WDM_8keV
433,23,278.48857142857145,136.5869013948761,55270000.0,15.02,10.395714285714286,-2.081619272048978,0.010220443795407897,26.53117917026254,776.1536583045893,0.18283484945044637,0.6090303525341767,0.11135197281633848,WDM_8keV
435,23,278.48857142857145,185.69044792066398,22560000.0,10.82,7.921428571428572,-0.07081648893828785,0.01686659305940773,29.6297700160865,121.79419676384124,0.3776157191348734,0.38935608367841457,0.14702697753776245,WDM_8keV
442,23,278.48857142857145,143.29007684570925,55830000.0,13.0,10.62857142857143,-1.7743691029978361,0.0663012884823215,30.89869041017206,584.8542379160912,0.14051609071271998,0.6114226537193532,0.08591472107384061,WDM_8keV
447,23,278.48857142857145,103.65558157588806,34120000.0,10.74,9.862857142857143,-0.11136924388646818,0.01283314245287431,28.995745502662142,126.42928956770871,0.33129797570539193,0.490551773029462,0.16251880938335164,WDM_8keV
448,23,278.48857142857145,162.0254256943318,77830000.0,11.65,7.985714285714286,-1.222249029399043,0.012705334607274455,27.863131177007222,351.7220629543319,0.8278205266029914,0.6867224199813967,0.5684829153390805,WDM_8keV
454,23,278.48857142857145,104.99619235078993,42020000.0,10.95,9.332857142857144,-0.39564502108636557,0.04039827642915444,31.201618832629876,164.2699059278305,0.48105116052664754,0.5423598864492565,0.2609028527995156,WDM_8keV
459,23,278.48857142857145,65.47994240331829,19180000.0,11.12,8.72,-0.4768485238113298,0.006129170356574274,27.025609609442462,177.0269591990018,0.6769890656339098,0.351682805986956,0.23808541422462093,WDM_8keV
460,23,278.48857142857145,65.7215228934157,37780000.0,12.22,9.07,-1.2972895477109185,0.027836706413505614,29.491249368563565,376.89104537169743,0.6959271974004672,0.5159411293250125,0.3590574641547879,WDM_8keV
461,23,278.48857142857145,70.62337735177852,41170000.0,12.4,11.75,-1.0045079752099193,0.005854807431795427,26.398504772843452,287.8082177191224,0.3542916918929361,0.5372975489627834,0.1903600576719522,WDM_8keV
467,23,278.48857142857145,140.66994950549096,28760000.0,10.87,9.495714285714287,-0.9948754395130566,0.004388415907231194,25.78211313452811,285.26610727796907,0.5800286830261048,0.4481556467085498,0.2599431295510724,WDM_8keV
470,23,278.48857142857145,149.59884521545197,23690000.0,12.69,7.142857142857143,-1.5898528670273349,0.04787056286732738,30.375939473838507,493.4477202006513,0.9638807408134712,0.40099072952924525,0.38650724143798315,WDM_8keV
473,23,278.48857142857145,74.65949096957758,39760000.0,12.72,11.004285714285716,-1.550584333817831,0.006513428396907713,26.083913553292994,475.91975629504935,0.6945827971856493,0.5286481901827809,0.36718993866428706,WDM_8keV
478,23,278.48857142857145,208.91946353774117,159300000.0,16.33,9.164285714285715,-3.3472112778363767,0.007115458879713972,24.479252959082682,2489.9149404058353,0.6282662807361179,0.8175948888983726,0.5136672999970401,WDM_8keV
483,23,278.48857142857145,265.00900600791425,27350000.0,10.46,6.831428571428572,-0.23423391117809444,0.04664875733723685,31.67541615567437,141.57728003810914,0.9118226065658855,0.4358024279927716,0.39737450584011064,WDM_8keV
487,23,278.48857142857145,125.5212129401191,70500000.0,12.1,10.98857142857143,-1.2646262635749963,0.06367783979586422,31.320765017286753,365.7215110144487,0.0803248060360896,0.6651007854550673,0.05342409158612913,WDM_8keV
491,23,278.48857142857145,139.58594967595627,68240000.0,11.8,7.384285714285714,-1.055577311543277,0.01768881770091237,28.7483663901728,301.66916737597137,0.8281966479972124,0.6578190941722666,0.5448035687820337,WDM_8keV
493,23,278.48857142857145,163.38049617567654,40040000.0,10.29,9.994285714285715,-0.06798908583582186,0.01508701774238273,29.39047759042265,121.4774409112772,0.40524685029440943,0.5303914535518616,0.21493946597496547,WDM_8keV
495,23,278.48857142857145,240.52117476472438,56400000.0,10.57,10.60857142857143,-0.43619592343771885,0.037145440311673925,30.978781301061108,170.5211957403309,0.59629931280031,0.6138277798500522,0.36602508330232614,WDM_8keV
498,23,278.48857142857145,84.08034058844231,81210000.0,14.58,9.754285714285714,-1.8043594422781855,0.01905022711719726,28.160591017168088,601.2343388883423,0.8680536678377004,0.6957789937236387,0.6039735075062289,WDM_8keV
500,23,278.48857142857145,41.52617566434665,191500000.0,23.38,14.79857142857143,-6.499261060951851,0.0022012472678441157,18.779532759622008,45394.624120994384,0.09539403543151947,0.8434425150342937,0.08045938516363131,WDM_8keV
502,23,278.48857142857145,27.000366588587397,71620000.0,11.75,10.057142857142859,-0.6438914527852173,0.03804612740714901,30.823110507703767,206.4698209277525,0.05900956305012883,0.6685957223804313,0.039453541434854494,WDM_8keV
506,23,278.48857142857145,158.50993530954472,97000000.0,15.24,10.767142857142858,-3.677818732602735,0.001590404520125654,20.895168945159718,3376.194772024138,0.23361227797796313,0.7319748345659413,0.17099830852549225,WDM_8keV
508,23,278.48857142857145,185.84679338703538,39480000.0,11.76,9.598571428571429,-0.7061863082694844,0.03634597103870872,30.661544743603358,218.66260782674524,0.2842176511064366,0.5268919236186901,0.1497519849178561,WDM_8keV
509,23,278.48857142857145,178.12815668523194,94750000.0,17.23,7.521428571428571,-3.9073427351576084,0.04044875640830779,27.69263280487197,4170.970267952907,0.8434350997119819,0.7273525013961,0.613474629540779,WDM_8keV
514,23,278.48857142857145,93.60794271201553,16640000.0,10.55,8.275714285714287,-0.37145332206249826,0.02147930393761724,29.854097365965263,160.65022155328617,0.5038433391570037,0.3201532092337001,0.16130706198213834,WDM_8keV
515,23,278.48857142857145,49.88068212224066,49910000.0,12.44,11.12857142857143,-1.440769505432523,0.0013098585237668265,22.710802118301036,430.137990813675,0.3054252248366619,0.5845480553614286,0.17853572123659783,WDM_8keV
523,23,278.48857142857145,72.27137915452334,26790000.0,10.68,8.472857142857144,-0.11876545124149107,0.007995371712941112,27.960877516366832,127.29348613525714,0.396385900927147,0.43074108300130387,0.17073969225180682,WDM_8keV
524,23,278.48857142857145,73.9506923426595,61750000.0,13.58,10.164285714285715,-2.4637593897107957,0.0265081357397125,28.21858621022622,1103.5798339495857,0.5411830695930155,0.635030075920665,0.34366752577063114,WDM_8keV
526,23,278.48857142857145,70.75222935840826,72190000.0,15.13,10.61,-3.286016882944554,0.04354135911929647,28.473942693836968,2353.459630698147,0.48742203427345276,0.6703465258236456,0.326741667285103,WDM_8keV
529,23,278.48857142857145,274.30128862033905,54420000.0,11.56,6.635714285714285,-1.322115038576432,0.07179923405601962,31.523933688696204,385.6079822725372,0.8576323484694426,0.6053423311189732,0.5191611650655319,WDM_8keV
532,23,278.48857142857145,98.33050578201046,36380000.0,11.33,9.075714285714286,-0.4680126147404158,0.023098496584800166,29.91535562527504,175.59212954370844,0.3196247345359469,0.5065343670312366,0.1619009125956929,WDM_8keV
536,23,278.48857142857145,101.36046103497726,86290000.0,14.75,14.045714285714288,-2.3988506738875417,0.04980946528697793,29.65315839467173,1039.5377608595613,0.3614995026013693,0.708446513704737,0.2561030623239366,WDM_8keV
538,23,278.48857142857145,65.29587604567016,190300000.0,20.87,13.007142857142858,-4.335562605671883,0.003993519177752096,22.236665936976102,6187.640056666702,0.09410305098986838,0.842611366519749,0.07929230038825061,WDM_8keV
539,23,278.48857142857145,29.121581870019895,209500000.0,21.48,17.141428571428573,-5.113322073792637,0.006669278605059086,22.57252189803043,12665.689279690701,0.0,0.854933612513353,0.0,WDM_8keV
541,23,278.48857142857145,165.2351422818331,53580000.0,11.5,10.107142857142858,-0.44658245949269393,0.04032173449326767,31.146563239385216,172.16028930676083,0.2679641252680589,0.6016286611182312,0.16121489791274027,WDM_8keV
545,23,278.48857142857145,85.09201981815771,44550000.0,15.05,9.502857142857144,-2.6815738915339598,0.01278643900234468,26.41762383523256,1348.744096004864,0.3371250502620552,0.556792409103067,0.18770866890440227,WDM_8keV
549,23,278.48857142857145,131.86703646523785,46240000.0,12.42,8.54857142857143,-1.5401080579271422,0.07330192484354583,31.350918507862378,471.34968715931547,0.47036927750988344,0.565936066669551,0.2661989387961419,WDM_8keV
550,23,278.48857142857145,185.93044233732465,32710000.0,11.83,7.375714285714286,-1.0809396103429707,0.009737207659092055,27.426682220656815,308.79897075495956,0.4963214814409753,0.48004438054406373,0.23825633810904503,WDM_8keV
551,23,278.48857142857145,121.75165589956538,33560000.0,10.83,6.732857142857143,-0.4842216988975938,0.02139247816704627,29.732533459122003,178.23323080720672,0.8893154217949628,0.48642993901572634,0.43258964638946873,WDM_8keV
564,23,278.48857142857145,103.86154834435845,36090000.0,10.51,8.972857142857142,-0.3814884180639879,0.05138152213404458,31.73799608146548,162.14194084212141,0.6289446471080621,0.50453987798003,0.31732765550809466,WDM_8keV
567,23,278.48857142857145,246.08866578647863,84590000.0,11.07,10.428571428571429,-0.22387426078747996,0.014289797096834981,29.11670572118983,140.2328318775006,0.8441161114179464,0.7043265166320031,0.594533360387954,WDM_8keV
569,23,278.48857142857145,120.3893971194135,31860000.0,10.47,6.710000000000001,-0.10385870492384708,0.004933106970644687,26.927193630507993,125.55773769750569,0.6905760532694757,0.4734978132068977,0.3269862510761468,WDM_8keV
570,23,278.48857142857145,84.89488458423764,50480000.0,11.86,8.635714285714286,-0.45816904963974103,0.001709689798389357,24.271867222723458,174.00736072296633,0.36263503637350025,0.5872964029539052,0.21297425244721527,WDM_8keV
577,23,278.48857142857145,157.89011226489137,41170000.0,10.2,9.370000000000001,-0.28054586327036457,0.0171129113023677,29.451523304482585,147.74688909702212,0.2058379360817677,0.5372975489627834,0.11059621854029185,WDM_8keV
578,23,278.48857142857145,118.00726715775339,109700000.0,16.83,17.231428571428573,-3.481217219950998,0.06731671759981549,29.224847107855247,2817.0002659068227,0.06324120903001351,0.7553825840287409,0.04777130789419335,WDM_8keV
583,23,278.48857142857145,73.71608663359099,24530000.0,11.33,10.061428571428573,-0.24976353005093888,0.002967528879024237,25.677660911142347,143.6168549807734,0.3105877041353425,0.40935560271463495,0.12714081682207784,WDM_8keV
589,23,278.48857142857145,113.33222698540403,56680000.0,12.52,10.022857142857143,-1.9317182399289985,0.024572216809151535,28.585953123939134,676.0631988300937,0.04315398707241824,0.6149983678039717,0.026539631613770914,WDM_8keV
593,23,278.48857142857145,223.56077656049496,79240000.0,14.15,7.934285714285715,-1.7002509360603035,0.015275878587801658,27.785229724616155,546.2612251680014,0.8432031262343574,0.6905652248213343,0.582286756438081,WDM_8keV
601,23,278.48857142857145,83.99296496294056,45680000.0,14.1,12.604285714285716,-2.0498870046391255,0.04755823663365652,29.901691383534647,753.7976893542608,0.04126045636092557,0.5629483299644858,0.023227505001955594,WDM_8keV
611,23,278.48857142857145,147.1737110508863,21430000.0,10.72,8.951428571428572,-0.29587804987920485,0.012746141847405641,28.79646535743544,149.84809284906538,0.5414464590159177,0.3772593564419532,0.2042657426761195,WDM_8keV
616,23,278.48857142857145,17.386307068200445,576900000.0,24.04,26.29,-6.479953279632139,0.41956602375523994,30.199497951250954,44594.50132847101,0.021413852646132048,0.9419293755981448,0.020170336852121842,WDM_8keV
627,23,278.48857142857145,141.64779113948086,52170000.0,9.82,6.367142857142857,-0.0382841019481317,0.006590994023249236,27.62192015804542,118.19895604122081,0.91447927821705,0.5952352668519252,0.5443303172000817,WDM_8keV
632,23,278.48857142857145,204.40668046912415,25100000.0,10.67,6.304285714285715,-0.03692634894430746,0.00401428108975182,26.546562219825923,118.0512362889081,0.9277201020775854,0.4148996883301398,0.38491078120959565,WDM_8keV
641,23,278.48857142857145,266.42864419760696,50480000.0,10.38,8.502857142857144,-0.2185849891545022,0.009817337877212094,28.306833372215205,139.55133506254862,0.4764410196567178,0.5872964029539052,0.2798120970640812,WDM_8keV
642,23,278.48857142857145,193.4645957169434,29890000.0,10.0,7.868571428571429,-0.4149091644744365,0.007166599918667288,27.42710630791954,167.2105463040959,0.7740575222582768,0.4576713854852333,0.3542639786572124,WDM_8keV
650,23,278.48857142857145,123.55458597028287,28480000.0,9.69,8.425714285714285,-0.10897342045503056,0.006246601634696184,27.434695303005537,126.150613862344,0.566220055283284,0.4457458311766559,0.25239022917113946,WDM_8keV
652,23,278.48857142857145,161.589063708547,20300000.0,11.0,8.697142857142858,-0.9889934201290709,0.004780487306402931,25.97381709752428,283.72484540759723,0.4919170953050555,0.3646723318638634,0.17938855422859293,WDM_8keV
653,23,278.48857142857145,204.99963613706336,78110000.0,13.04,7.710000000000001,-1.2842416096713496,0.019535526466662716,28.7353336592444,372.3888285051519,0.5339486666627349,0.687493108613046,0.3670860286837547,WDM_8keV
659,23,278.48857142857145,34.24224029481248,53010000.0,10.81,9.901428571428571,-0.16236501179028906,0.011329542656570761,28.67414655363976,132.50919167145037,0.42626137435247824,0.5990685885732706,0.25535979989664165,WDM_8keV
690,23,278.48857142857145,147.30391047360683,55830000.0,12.94,8.734285714285715,-1.723209795691429,0.065028330427785,30.907752894412337,557.9354010102826,0.4201812667668966,0.6114226537193532,0.2569083451697754,WDM_8keV
692,23,278.48857142857145,66.82697884867282,41450000.0,10.57,11.297142857142859,-0.4419732081238781,0.035775634439772004,30.891413183840186,171.43097029805082,0.2516441296516777,0.5389774785434446,0.13563051848992091,WDM_8keV
698,23,278.48857142857145,33.192352204963214,16360000.0,11.46,6.367142857142857,-0.3895457216038647,0.04079710750771131,31.22905081400913,163.34968022822125,0.8493684762014737,0.3164881060731565,0.26881502039124733,WDM_8keV
701,23,278.48857142857145,254.21710511019833,30170000.0,11.5,5.944285714285714,-0.6499915448033313,0.022006496185217064,29.62821263041733,207.63311425519763,0.8907463407897799,0.45997867324614705,0.4097243200353433,WDM_8keV
718,23,278.48857142857145,72.69937399724203,51880000.0,12.3,7.005714285714286,-1.1131241026633143,0.02590517143849051,29.51925792203751,318.08972529403246,0.7562917666520472,0.5938947701220314,0.4491577249010026,WDM_8keV
726,23,278.48857142857145,42.97465081003748,38070000.0,11.69,9.211428571428572,-0.9565393331287408,0.01591245196358056,28.61759586585645,275.3694348442505,0.44392817473191987,0.5178449645105,0.22988596988926208,WDM_8keV
728,23,278.48857142857145,107.97481187759013,50760000.0,13.76,8.852857142857143,-1.6713407671092675,0.01808664678679074,28.18089919055044,531.9077361864444,0.17259658912797504,0.5886331849705212,0.10159607997344838,WDM_8keV
738,23,278.48857142857145,12.204231450861027,71900000.0,12.53,9.71857142857143,-0.80681151486516,0.010654036993942849,27.89620915827669,239.8968834229161,0.4566354657405639,0.6694580848348968,0.30569830436236906,WDM_8keV
739,23,278.48857142857145,69.6198907186222,188900000.0,20.21,18.35571428571429,-4.14721180541085,0.006273166158096065,23.405671819980103,5202.172178953503,0.07741471159514635,0.8416304693379648,0.0651545800534862,WDM_8keV
740,23,278.48857142857145,170.53479087259873,54990000.0,13.82,9.711428571428572,-2.4533829558865072,0.00730026635071384,25.428760243374796,1093.083106454598,0.7746780630217578,0.6078231156167342,0.4708672338658216,WDM_8keV
742,23,278.48857142857145,199.49230152401478,61470000.0,13.13,9.07,-1.3645001976858362,0.07953990009423062,31.70387467899185,400.9591042324954,0.6469235595749439,0.6339783509287855,0.41013553147630283,WDM_8keV
743,23,278.48857142857145,87.73958918415258,40040000.0,12.81,11.014285714285714,-0.8872270579239183,0.04818632155402006,31.092841485008066,258.3395050425827,0.3377468781726819,0.5303914535518616,0.17913805764661225,WDM_8keV
753,23,278.48857142857145,233.12274992075038,19460000.0,10.8,6.748571428571429,-0.9858755682021094,0.010539801493932612,27.69373626006371,282.91125632404874,0.5598229089122042,0.35497988078915904,0.1987258694686945,WDM_8keV
755,23,278.48857142857145,29.915493221630275,41730000.0,11.61,11.787142857142857,-1.2041790839810318,0.004027517661818847,25.386457854920067,345.91678316435963,0.1269271265121411,0.5406452429859374,0.06862254715466334,WDM_8keV
758,23,278.48857142857145,82.81407008522618,16920000.0,10.5,6.738571428571428,-0.28321430204965736,0.05246363186850079,31.881527128543937,148.11045660704843,0.6853817046164715,0.32377906457095806,0.22191224719476985,WDM_8keV
759,23,278.48857142857145,90.65075615701419,35810000.0,10.57,8.884285714285715,-0.2636453979963349,0.020937040871563926,29.90638077710026,145.46488206796022,0.33120821506675413,0.5025987888535168,0.16646484775088574,WDM_8keV
762,23,278.48857142857145,110.70307869545168,38630000.0,11.06,9.714285714285715,-0.7046806866936972,0.03519274095400055,30.59303444807924,218.35959225757776,0.18181291040493117,0.5214792320606922,0.09481165689668294,WDM_8keV
765,23,278.48857142857145,39.65342458896141,59780000.0,12.98,8.54857142857143,-1.0119789969260031,0.01926841088426709,28.977700167679316,289.79547423685966,0.2752211272786589,0.6274993993513994,0.1727010920561735,WDM_8keV
766,23,278.48857142857145,87.27297311730781,60340000.0,16.56,7.584285714285715,-3.478415335856252,0.0030894505549442243,22.536440579779043,2809.7400008257846,0.05657501605448678,0.6296715437165894,0.03562367769481952,WDM_8keV
767,23,278.48857142857145,171.77992921652887,105200000.0,13.71,8.102857142857143,-1.8486431410372974,0.0012768241690792076,22.247462004208252,626.2637243845918,0.6940761995672823,0.7475712099866246,0.5188713843334312,WDM_8keV
781,23,278.48857142857145,51.74190659377799,26790000.0,11.52,7.465714285714286,-0.7207800292446169,0.026061830012330294,29.924694180565886,221.62156211070936,0.32155308858060627,0.43074108300130387,0.13850612561762454,WDM_8keV
804,23,278.48857142857145,18.591730661220137,47940000.0,12.68,12.478571428571428,-1.9128564309034246,0.0632502638895274,30.657904948956556,664.4198095221093,0.012325335047280062,0.5747606713886311,0.007084117846864513,WDM_8keV
806,23,278.48857142857145,60.176999131642404,196300000.0,17.01,17.182857142857145,-3.602558205630328,0.12810892339529298,30.500788372628634,3150.092322712358,0.16826359331344276,0.8466811369285986,0.14246561049031706,WDM_8keV
811,23,278.48857142857145,86.06672541982,63730000.0,12.13,7.2942857142857145,-0.9301759296000265,0.03315943833078108,30.238309569638748,268.7635518234696,0.6549570448396135,0.6422981516307764,0.4206776992980393,WDM_8keV
817,23,278.48857142857145,104.57830383330828,22560000.0,11.85,8.204285714285716,-1.0441763320235617,0.008707739443375316,27.22080046598269,298.5180065448221,0.6312199604687175,0.38935608367841457,0.2457693317477435,WDM_8keV
825,23,278.48857142857145,115.40312749979898,32430000.0,11.99,7.875714285714286,-1.056284111333289,0.03720943845150229,30.362431139009345,301.8656139160002,0.28541195257962015,0.47790594379302,0.13640006856737202,WDM_8keV
828,23,278.48857142857145,245.77579711797586,13540000.0,10.64,6.272857142857143,-0.5828017846810871,0.045400087324102986,31.267931327189103,195.17343869233537,0.8039402741214219,0.27723452449371006,0.22287999961739532,WDM_8keV
838,23,278.48857142857145,125.81367661939707,54420000.0,11.15,9.182857142857143,-1.1490173532576566,0.06776358821734203,31.571414291096524,328.78117355478764,0.18672223086476314,0.6053423311189732,0.1130308705034108,WDM_8keV
840,23,278.48857142857145,186.32021372040762,22840000.0,9.98,6.5685714285714285,-0.34834888516798657,0.008892629871704038,27.962251868343664,157.26770676433176,0.8611053509284603,0.39228102268958065,0.3377952877056866,WDM_8keV
847,23,278.48857142857145,265.9094943466182,16070000.0,10.12,6.904285714285715,-0.08314672203400963,0.00719457348691606,27.76732821349109,123.18524420849853,0.7875898841413768,0.3126500419737535,0.2462400103349051,WDM_8keV
856,23,278.48857142857145,42.98761330847298,73600000.0,15.26,11.887142857142857,-2.9582399917933158,0.009224766914061011,25.431986686473735,1740.1873075940475,0.0457002984321907,0.6745989818699303,0.030829374793507818,WDM_8keV
859,23,278.48857142857145,75.26188020668125,135900000.0,14.81,16.747142857142858,-2.8509359396123477,0.15009116652171609,31.596289396237985,1576.4288558700234,0.1726257800598252,0.792725712127293,0.1368448944294544,WDM_8keV
862,23,278.48857142857145,40.281506872499584,37500000.0,13.42,9.814285714285715,-1.8637988004774835,0.0022866399222808012,23.49763977810735,635.0669621543069,0.06261020506328828,0.5140886078736105,0.03218719315966716,WDM_8keV
886,23,278.48857142857145,192.59383665726693,68520000.0,12.4,7.82857142857143,-1.7319186398184678,0.00688737936255858,26.02380105579602,562.42867652288,0.4924592595469949,0.6587383959398612,0.3244018226997192,WDM_8keV
887,23,278.48857142857145,91.11921099441268,36090000.0,10.95,10.585714285714287,-0.22039282040606345,0.007726833350794671,27.785064578783896,139.7838919369283,0.15931031673671564,0.50453987798003,0.08037840776730243,WDM_8keV
890,23,278.48857142857145,51.195196681579574,48220000.0,12.22,7.181428571428572,-0.8958588207221707,0.0014224310169883238,23.43474691911936,260.4015280033186,0.03474489261687452,0.5761798108864625,0.020019305657261212,WDM_8keV
905,23,278.48857142857145,75.85850012237432,46810000.0,13.2,10.57,-2.4823779705608553,0.1439096449332555,31.873521208617937,1122.667597580722,0.2184369745021395,0.568935465943705,0.12427654186770795,WDM_8keV
913,23,278.48857142857145,56.51503321765552,36090000.0,11.63,9.370000000000001,-0.6016041258435845,0.012493447978167318,28.44725710891563,198.5828093374193,0.2021144339090088,0.50453987798003,0.10197479182245413,WDM_8keV
919,23,278.48857142857145,110.94658578775895,67390000.0,15.92,7.548571428571429,-2.497372489311,0.005087394822670799,24.600554399968495,1138.2797130588021,0.37161925181046407,0.6549977554826213,0.24340977582998502,WDM_8keV
925,23,278.48857142857145,177.20897038149974,22840000.0,10.48,5.414285714285715,-0.7039283442626232,0.05289543884756361,31.47861244968788,218.20833610439286,0.8436341791502886,0.39228102268958065,0.3309416785729601,WDM_8keV
932,23,278.48857142857145,60.944640319498205,42860000.0,10.46,12.160000000000002,-0.4388195652541782,0.037889411533875705,31.019219406814813,170.9337522342965,0.12044512259979456,0.5472549151904815,0.06591418535345772,WDM_8keV
933,23,278.48857142857145,11.15923704508304,15230000.0,9.9,6.587142857142857,-0.1982990724536462,0.006340120098110375,27.377638021488018,136.9681623330162,0.9450236577543342,0.30128455744894034,0.2847210345052934,WDM_8keV
1051,23,278.48857142857145,112.36183806373332,21430000.0,10.66,6.498571428571429,-0.10037476081044527,0.0350772322024872,31.19020149851929,125.15548984028052,0.19153864798958342,0.3772593564419532,0.07225974707431206,WDM_8keV
1052,23,278.48857142857145,45.21247344596502,31860000.0,11.44,5.888571428571429,-0.7352371297671647,0.043290722602553906,31.012186716403498,224.59229442946167,0.6859127034344638,0.4734978132068977,0.32477816512704993,WDM_8keV
1062,23,278.48857142857145,57.966557916912855,125800000.0,17.67,14.864285714285714,-3.7726633370185025,0.02707901591437939,26.95595072132776,3684.387793544656,0.0019603820752294165,0.779765143671941,0.001528637610543164,WDM_8keV
1063,23,278.48857142857145,36.83943373004926,33840000.0,11.13,11.021428571428572,-0.8888657490922096,0.009626335021868427,27.593888782796544,258.7297087538913,0.05600800417359259,0.48849917000606446,0.027359863552496175,WDM_8keV
1077,23,278.48857142857145,200.42390280684842,40320000.0,10.92,5.247142857142857,-1.3341884057060769,0.00190749055033846,23.63357324092923,389.9198657230682,0.5099552137533873,0.5321218577942421,0.2713583157343123,WDM_8keV
1095,23,278.48857142857145,96.0656939339987,77540000.0,13.49,13.235714285714288,-2.3521514455547967,0.022566051323621057,27.980576083114848,995.7735315975328,0.18630663200847708,0.6859201879980833,0.12779148005254432,WDM_8keV
1102,23,278.48857142857145,119.11683597311861,31300000.0,10.56,11.122857142857143,-0.31113762913485576,0.023001671857894264,30.06310905929843,151.96901608212912,0.13186477401360558,0.4690938194902808,0.061856950498264965,WDM_8keV
1155,23,278.48857142857145,21.560120025408935,75290000.0,13.25,12.970000000000002,-1.8281141062383464,0.00587998200853853,25.58421555081621,614.5336131703843,0.18822956333244256,0.6795534994765404,0.12791205846750245,WDM_8keV
1188,23,278.48857142857145,55.329032494109924,33840000.0,11.65,9.111428571428572,-1.0466795569630714,0.01017490040195587,27.556420947844707,299.20705034756315,0.031244346954032526,0.48849917000606446,0.015262837554426397,WDM_8keV
1227,23,278.48857142857145,80.62047772477584,80650000.0,12.18,12.514285714285714,-0.9612083508708826,0.0669318777638795,31.73240636623208,276.55616253370397,0.1887065080828727,0.694314871499042,0.13102173491059269,WDM_8keV
